observado,fecha,hora,reservas,cupo
2026-10-08 15:55,2026-10-08,15:00,26,60
2026-10-08 15:55,2026-10-08,16:00,10,60
2026-10-08 15:55,2026-10-08,17:00,5,60
2026-10-08 15:55,2026-10-08,18:00,3,60
2026-10-08 15:55,2026-10-08,19:00,4,60
2026-10-08 15:55,2026-10-08,20:00,1,60
2026-10-08 15:55,2026-10-08,21:00,1,60
2026-10-08 15:57,2026-10-08,15:00,27,60
2026-10-08 15:57,2026-10-08,16:00,12,60
2026-10-08 18:08,2026-10-08,17:00,44,60
2026-10-08 18:08,2026-10-08,18:00,34,60
2026-10-09 05:00,2026-10-09,07:00,3,60
2026-10-09 05:00,2026-10-09,08:00,2,60
2026-10-09 05:00,2026-10-09,09:00,1,60
2026-10-09 05:00,2026-10-09,10:00,0,60
2026-10-09 05:00,2026-10-09,11:00,0,60
2026-10-09 05:00,2026-10-09,12:00,0,60
2026-10-09 05:00,2026-10-09,13:00,2,60
2026-10-09 05:00,2026-10-09,14:00,5,60
2026-10-09 05:00,2026-10-09,15:00,3,60
2026-10-09 05:00,2026-10-09,16:00,1,60
2026-10-09 05:00,2026-10-09,17:00,2,60
2026-10-09 05:00,2026-10-09,18:00,2,60
2026-10-09 05:00,2026-10-09,19:00,0,60
2026-10-09 05:00,2026-10-09,20:00,1,60
2026-10-09 05:00,2026-10-09,21:00,0,60
2026-10-09 09:08,2026-10-09,09:00,12,60
2026-10-09 09:08,2026-10-09,10:00,2,60
2026-10-09 09:08,2026-10-09,18:00,1,60
2026-10-09 09:25,2026-10-09,09:00,17,60
2026-10-09 09:25,2026-10-09,10:00,3,60
2026-10-09 09:55,2026-10-09,10:00,7,60
2026-10-09 10:25,2026-10-09,10:00,14,60
2026-10-09 10:25,2026-10-09,11:00,1,60
2026-10-09 10:25,2026-10-09,14:00,6,60
2026-10-09 10:55,2026-10-09,10:00,13,60
2026-10-09 10:55,2026-10-09,11:00,10,60
2026-10-09 11:25,2026-10-09,11:00,17,60
2026-10-09 11:25,2026-10-09,12:00,1,60
2026-10-09 11:55,2026-10-09,12:00,6,60
2026-10-09 11:55,2026-10-09,13:00,3,60
2026-10-09 12:25,2026-10-09,12:00,12,60
2026-10-09 12:25,2026-10-09,13:00,4,60
2026-10-09 12:25,2026-10-09,15:00,4,60
2026-10-09 12:25,2026-10-09,16:00,2,60
2026-10-09 12:55,2026-10-09,12:00,13,60
2026-10-09 12:55,2026-10-09,13:00,9,60
2026-10-09 13:25,2026-10-09,13:00,14,60
2026-10-09 13:25,2026-10-09,14:00,8,60
2026-10-09 13:55,2026-10-09,13:00,16,60
2026-10-09 13:55,2026-10-09,14:00,23,60
2026-10-09 14:25,2026-10-09,14:00,28,60
2026-10-09 14:25,2026-10-09,15:00,8,60
2026-10-09 14:55,2026-10-09,14:00,32,60
2026-10-09 14:55,2026-10-09,15:00,17,60
2026-10-09 14:55,2026-10-09,18:00,2,60
2026-10-09 15:25,2026-10-09,15:00,27,60
2026-10-09 15:25,2026-10-09,16:00,3,60
2026-10-09 15:25,2026-10-09,17:00,3,60
2026-10-09 15:55,2026-10-09,15:00,29,60
2026-10-09 15:55,2026-10-09,16:00,8,60
2026-10-09 16:25,2026-10-09,16:00,19,60
2026-10-09 16:55,2026-10-09,16:00,21,60
2026-10-09 16:55,2026-10-09,17:00,14,60
2026-10-09 16:55,2026-10-09,18:00,3,60
2026-10-09 17:25,2026-10-09,17:00,23,60
2026-10-09 17:25,2026-10-09,18:00,5,60
2026-10-09 17:55,2026-10-09,18:00,15,60
2026-10-09 17:55,2026-10-09,19:00,1,60
2026-10-09 18:25,2026-10-09,18:00,30,60
2026-10-09 18:25,2026-10-09,19:00,3,60
2026-10-09 18:55,2026-10-09,18:00,32,60
2026-10-09 18:55,2026-10-09,19:00,16,60
2026-10-09 19:25,2026-10-09,19:00,27,60
2026-10-09 19:25,2026-10-09,20:00,4,60
2026-10-09 19:55,2026-10-09,19:00,30,60
2026-10-09 19:55,2026-10-09,20:00,18,60
2026-10-09 19:56,2026-10-09,19:00,31,60
2026-10-09 20:25,2026-10-09,20:00,33,60
2026-10-09 20:25,2026-10-09,21:00,1,60
2026-10-09 20:55,2026-10-09,20:00,35,60
2026-10-09 20:55,2026-10-09,21:00,11,60
2026-10-09 21:25,2026-10-09,21:00,16,60
2026-10-10 06:25,2026-10-10,09:30,1,60
2026-10-10 06:25,2026-10-10,10:30,0,60
2026-10-10 06:25,2026-10-10,11:30,3,60
2026-10-10 06:25,2026-10-10,17:30,1,60
2026-10-10 06:25,2026-10-10,18:30,1,60
2026-10-10 06:25,2026-10-10,19:30,1,60
